"term","taxonRank","taxonRankLevel","taxonGroup"
"Root","",0,""
"Domain","domain",100,""
"Superregnum","domain",100,""
"Superkingdom","domain",100,""
"Regio","domain",100,""
"Regnum","kingdom",200,""
"Kingdom","kingdom",200,""
"Subregnum","subkingdom",300,""
"Subkingdom","subkingdom",300,""
"Superphylum","superphylum",400,""
"Phylum","phylum",500,""
"Divisio","phylum",500,""
"Division","phylum",500,""
"Subphylum","subphylum",600,""
"Subdivisio","subphylum",600,""
"Subdivision","subphylum",600,""
"Subbdivision","subphylum",600,""
"Superclassis","superclass",700,""
"Superclass","superclass",700,""
"Classis","class",800,""
"Class","class",800,""
"Subclassis","subclass",900,""
"Subclass","subclass",900,""
"Infraclassis","infraclass",1000,""
"Infraclass","infraclass",1000,""
"Superordo","superorder",1100,""
"Superorder","superorder",1100,""
"Ordo","order",1200,""
"Order","order",1200,""
"Subordo","suborder",1300,""
"Suborder","suborder",1300,""
"Infraordo","infraorder",1400,""
"Infraorder","infraorder",1400,""
"Superfamilia","superfamily",1500,""
"Superfamily","superfamily",1500,""
"Familia","family",1600,""
"Family","family",1600,""
"Subfamilia","subfamily",1700,"Family"
"Subfamily","subfamily",1700,"Family"
"Supertribus","supertribe",1800,"Family"
"Supertribe","supertribe",1800,"Family"
"Tribus","tribe",1900,"Family"
"Tribe","tribe",1900,"Family"
"Subtribus","subtribe",2000,"Family"
"Subtribe","subtribe",2000,"Family"
"Supergenus","supergenus",2100,"Family"
"Aggregate Genera","genus group",2200,"Family"
"Genus","genus",2300,"Family"
"[infragenus]","infragenus",2310,"Genus"
"Infragenus","infragenus",2310,"Genus"
"Subgenus","subgenus",2400,"Genus"
"Supersectio","supersection botany",2500,"Genus"
"Supersection","supersection botany",2500,"Genus"
"Sectio","section botany",2600,"Genus"
"Section","section botany",2600,"Genus"
"Subsectio","subsection botany",2700,"Genus"
"Subsection","subsection botany",2700,"Genus"
"Superseries","superseries botany",2800,"Genus"
"Series","series botany",2900,"Genus"
"Subseries","subseries botany",3000,"Genus"
"Aggregate Species","species group",3100,"Genus"
"Superspecies","superspecies",3200,"Genus"
"Species","species",3300,"Genus"
"[infraspecies]","infraspecies",3310,"Species"
"Infraspecies","infraspecies",3310,"Species"
"Subspecies","subspecies",3400,"Species"
"Varietas","variety",3500,"Species"
"Variety","variety",3500,"Species"
"nothomorphological var.","nothovariety",3550,"Species"
"nothomorph.","nothovariety",3550,"Species"
"Nothovarietas","nothovariety",3550,"Species"
"Subvarietas","subvariety",3600,"Species"
"Subvariety","subvariety",3600,"Species"
"morphological var.","subvariety",3600,"Species"
"Forma","form",3700,"Species"
"Form","form",3700,"Species"
"form taxon","form",3700,"Species"
"Subforma","subform",3800,"Species"
"Subform","subform",3800,"Species"
"Special form","subform",3800,"Species"
"Incertae Sedis","incertae sedis",-1,""
"Species Inquirenda","species inquirenda",-1,""
"Higher Taxon","higher taxon",-1,""
"[unranked]","unknown",-1,""
"[n/a]","unknown",-1,""
"Unranked","unknown",-1,""
"root","",0,""
"domain","domain",100,""
"superregnum","domain",100,""
"superkingdom","domain",100,""
"regio","domain",100,""
"regnum","kingdom",200,""
"kingdom","kingdom",200,""
"subregnum","subkingdom",300,""
"subkingdom","subkingdom",300,""
"superphylum","superphylum",400,""
"phylum","phylum",500,""
"divisio","phylum",500,""
"division","phylum",500,""
"subphylum","subphylum",600,""
"subdivisio","subphylum",600,""
"subdivision","subphylum",600,""
"subbdivision","subphylum",600,""
"superclassis","superclass",700,""
"superclass","superclass",700,""
"classis","class",800,""
"class","class",800,""
"subclassis","subclass",900,""
"subclass","subclass",900,""
"infraclassis","infraclass",1000,""
"infraclass","infraclass",1000,""
"superordo","superorder",1100,""
"superorder","superorder",1100,""
"ordo","order",1200,""
"order","order",1200,""
"subordo","suborder",1300,""
"suborder","suborder",1300,""
"infraordo","infraorder",1400,""
"infraorder","infraorder",1400,""
"superfamilia","superfamily",1500,""
"superfamily","superfamily",1500,""
"familia","family",1600,""
"family","family",1600,""
"subfamilia","subfamily",1700,"Family"
"subfamily","subfamily",1700,"Family"
"supertribus","supertribe",1800,"Family"
"supertribe","supertribe",1800,"Family"
"tribus","tribe",1900,"Family"
"tribe","tribe",1900,"Family"
"subtribus","subtribe",2000,"Family"
"subtribe","subtribe",2000,"Family"
"supergenus","supergenus",2100,"Family"
"aggregate genera","genus group",2200,"Family"
"genus","genus",2300,"Family"
"infragenus","infragenus",2310,"Genus"
"subgenus","subgenus",2400,"Genus"
"supersectio","supersection botany",2500,"Genus"
"supersection","supersection botany",2500,"Genus"
"sectio","section botany",2600,"Genus"
"section","section botany",2600,"Genus"
"subsectio","subsection botany",2700,"Genus"
"subsection","subsection botany",2700,"Genus"
"superseries","superseries botany",2800,"Genus"
"series","series botany",2900,"Genus"
"subseries","subseries botany",3000,"Genus"
"aggregate Species","species group",3100,"Genus"
"superspecies","superspecies",3200,"Genus"
"species","species",3300,"Genus"
"[infraspecies]","infraspecies",3310,"Species"
"infraspecies","infraspecies",3310,"Species"
"subspecies","subspecies",3400,"Species"
"varietas","variety",3500,"Species"
"variety","variety",3500,"Species"
"nothovarietas","nothovariety",3550,"Species"
"subvarietas","subvariety",3600,"Species"
"subvariety","subvariety",3600,"Species"
"morphological var.","subvariety",3600,"Species"
"forma","form",3700,"Species"
"form","form",3700,"Species"
"subforma","subform",3800,"Species"
"subform","subform",3800,"Species"
"special form","subform",3800,"Species"
"incertae sedis","incertae sedis",-1,""
"species inquirenda","species inquirenda",-1,""
"higher taxon","higher taxon",-1,""
"unranked","unknown",-1,""

